{
  "1" : {
    "creator" : "tmana",
    "requestType" : "DBB - Issue",
    "title" : "Demo run 3",
    "idNumber" : "00017816"
  },
  "2" : {
    "creator" : "tmana",
    "requestType" : "DBB - Issue",
    "title" : "Demo RUN 12",
    "idNumber" : "00017820"
  },
  "3" : {
    "creator" : "tmana",
    "requestType" : "DBB - Operational Information",
    "title" : "DEMO RUN34",
    "idNumber" : "00017859"
  },
  "4" : {
    "creator" : "tmana",
    "requestType" : "DBB - Issue",
    "title" : "Demo run 1",
    "idNumber" : "00017980"
  },
  "5" : {
    "creator" : "tmana",
    "requestType" : "DBB - Issue",
    "title" : "Demo run 11",
    "idNumber" : "00017988"
  },
  "6" : {
    "creator" : "tmana",
    "requestType" : "DBB - Issue",
    "title" : "Demo run",
    "idNumber" : "00017992"
  },
  "7" : {
    "creator" : "tmana",
    "requestType" : "DBB - Issue",
    "title" : "Demo run 1",
    "idNumber" : "00017994"
  },
  "8" : {
    "creator" : "tmana",
    "requestType" : "DBB - Issue",
    "title" : "Demo Run 1",
    "idNumber" : "00017995"
  },
  "9" : {
    "creator" : "tmana",
    "requestType" : "DBB - Issue",
    "title" : "Demo run",
    "idNumber" : "00017999"
  },
  "10" : {
    "creator" : "tmana",
    "requestType" : "DBB - Issue",
    "title" : "Demo run 2",
    "idNumber" : "00018003"
  },
  "11" : {
    "creator" : "tmana",
    "requestType" : "DBB - Issue",
    "title" : "Demo run",
    "idNumber" : "00018057"
  },
  "12" : {
    "creator" : "cmemb",
    "requestType" : "DBB - Issue",
    "title" : "Demo run",
    "idNumber" : "00018078"
  },
  "13" : {
    "creator" : "cmemb",
    "requestType" : "DBB - Issue",
    "title" : "Demo run",
    "idNumber" : "00018090"
  },
  "14" : {
    "creator" : "tmana",
    "requestType" : "DBB - Issue",
    "title" : "Demo run1",
    "idNumber" : "00018104"
  },
  "15" : {
    "creator" : "tmana",
    "requestType" : "DBB - Issue",
    "title" : "Demo run 7",
    "idNumber" : "00018140"
  },
  "16" : {
    "creator" : "tmana",
    "requestType" : "DBB - Issue",
    "title" : "Demo run 9",
    "idNumber" : "00018141"
  },
  "17" : {
    "creator" : "tmana",
    "requestType" : "DBB - Issue",
    "title" : "Demo run 10",
    "idNumber" : "00018142"
  },
  "18" : {
    "creator" : "tmana",
    "requestType" : "DBB - Issue",
    "title" : "Demo run 18",
    "idNumber" : "00018143"
  },
  "19" : {
    "creator" : "cmemb",
    "requestType" : "DBB - Issue",
    "title" : "Demo run",
    "idNumber" : "00018144"
  },
  "20" : {
    "creator" : "cmemb",
    "requestType" : "DBB - Issue",
    "title" : "Demo run",
    "idNumber" : "00018151"
  },
  "21" : {
    "creator" : "tmana",
    "requestType" : "DBB - Issue",
    "title" : "Demo run",
    "idNumber" : "00018254"
  },
  "22" : {
    "creator" : "tmana",
    "requestType" : "DBB - Issue",
    "title" : "Demo run",
    "idNumber" : "00018258"
  },
  "23" : {
    "creator" : "tmana",
    "requestType" : "DBB - Issue",
    "title" : "Demo run",
    "idNumber" : "00018260"
  },
  "24" : {
    "creator" : "tmana",
    "requestType" : "DBB - Operational Information",
    "title" : "DEMO RUN34",
    "idNumber" : "00018277"
  }
}